cluster,5
ll,v1.25
opt,
planning_horizon,2050
zero_hours,0.2071917808219178
mean,97.28848542910148
standard_deviation,110.61398389303172
